0, 0: Margarita, 1778963939492, 1, 77, 75
0, 0: Cider, 1778963939651, 0, 26, 25
1, 1: White Wine, 1778963939818, 0, 26, 25
2, 2: Red Wine, 1778963939840, 10, 36, 25
1, 1: Vodka shot, 1778963939995, 0, 21, 20
2, 2: Martini, 1778963940027, 0, 61, 60
2, 2: Vodka shot, 1778963940200, 0, 21, 20
2, 2: Draft Beer, 1778963940226, 2, 52, 50
3, 3: Margarita, 1778963940291, 0, 77, 75
4, 4: Beer, 1778963940329, 45, 71, 25
2, 2: Gin and Tonic, 1778963940379, 28, 68, 40
3, 3: B52, 1778963940449, 4, 205, 200
4, 4: Cider, 1778963940501, 159, 185, 25
2, 2: Margarita, 1778963940558, 134, 211, 75
5, 5: Beer, 1778963940588, 187, 213, 25
6, 6: White Wine, 1778963940607, 200, 226, 25
7, 7: B52, 1778963940609, 230, 431, 200
8, 8: Margarita, 1778963940628, 419, 496, 75
3, 3: Cosmopolitan, 1778963940665, 465, 531, 65
4, 4: Pina Colada, 1778963940787, 415, 515, 100
9, 9: Red Wine, 1778963940857, 451, 477, 25
10, 10: Bloody Mary, 1778963940858, 483, 553, 70
5, 5: Gin and Tonic, 1778963940901, 516, 557, 40
6, 6: Margarita, 1778963940984, 480, 556, 75
11, 11: B52, 1778963941088, 459, 660, 200
12, 12: Vodka shot, 1778963941109, 645, 666, 20
8, 8: Tequila shot, 1778963941206, 575, 597, 20
3, 3: Beer, 1778963941247, 562, 588, 25
13, 13: Tequila shot, 1778963941274, 568, 590, 20
14, 14: Red Wine, 1778963941415, 456, 482, 25
4, 4: Cosmopolitan, 1778963941424, 479, 545, 65
9, 9: Martini, 1778963941486, 489, 550, 60
15, 15: Tequila shot, 1778963941509, 533, 554, 20
10, 10: Vodka shot, 1778963941562, 508, 529, 20
5, 5: Margarita, 1778963941569, 529, 605, 75
6, 6: Martini, 1778963941621, 559, 621, 60
16, 16: White Wine, 1778963941658, 591, 617, 25
11, 11: Pina Colada, 1778963941759, 522, 624, 100
12, 12: Margarita, 1778963941780, 609, 685, 75
8, 8: Cosmopolitan, 1778963941807, 664, 730, 65
17, 17: Red Wine, 1778963941816, 728, 753, 25
18, 18: Red Wine, 1778963941865, 710, 736, 25
13, 13: Draft Beer, 1778963941868, 740, 791, 50
19, 19: Red Wine, 1778963941884, 781, 807, 25
20, 20: Red Wine, 1778963941937, 761, 787, 25
21, 21: White Wine, 1778963942004, 727, 754, 25
4, 4: White Wine, 1778963942020, 744, 770, 25
14, 14: Draft Beer, 1778963942049, 747, 798, 50
15, 15: Bloody Mary, 1778963942068, 785, 856, 70
22, 22: Red Wine, 1778963942082, 848, 874, 25
10, 10: Margarita, 1778963942096, 866, 943, 75
5, 5: B52, 1778963942255, 791, 991, 200
23, 23: Beer, 1778963942255, 998, 1023, 25
6, 6: Draft Beer, 1778963942353, 931, 981, 50
16, 16: Red Wine, 1778963942426, 914, 940, 25
11, 11: Bloody Mary, 1778963942504, 868, 939, 70
12, 12: Mojito, 1778963942547, 903, 979, 75
8, 8: Draft Beer, 1778963942588, 945, 995, 50
17, 17: Draft Beer, 1778963942720, 870, 921, 50
18, 18: Red Wine, 1778963942752, 896, 922, 25
13, 13: Draft Beer, 1778963942760, 920, 977, 50
19, 19: Cider, 1778963942842, 902, 927, 25
20, 20: Martini, 1778963942875, 901, 971, 60
21, 21: Cider, 1778963942909, 943, 969, 25
14, 14: Gin and Tonic, 1778963942949, 935, 976, 40
22, 22: Cosmopolitan, 1778963943107, 824, 890, 65
10, 10: Draft Beer, 1778963943120, 883, 943, 50
24, 24: Margarita, 1778963943143, 927, 1003, 75
5, 5: Margarita, 1778963943257, 895, 971, 75
25, 25: Gin and Tonic, 1778963943363, 871, 918, 40
26, 26: Beer, 1778963943380, 908, 935, 25
27, 27: White Wine, 1778963943399, 922, 948, 25
12, 12: Pina Colada, 1778963943636, 717, 829, 100
28, 28: Margarita, 1778963943650, 822, 899, 75
29, 29: Red Wine, 1778963943662, 893, 919, 25
8, 8: Red Wine, 1778963943684, 903, 929, 25
17, 17: Gin and Tonic, 1778963943742, 878, 930, 40
13, 13: Cosmopolitan, 1778963943846, 833, 899, 65
19, 19: Mojito, 1778963943877, 874, 950, 75
21, 21: Pina Colada, 1778963943986, 847, 953, 100
14, 14: Cider, 1778963944048, 897, 923, 25
10, 10: Pina Colada, 1778963944173, 804, 909, 100
24, 24: Mojito, 1778963944236, 853, 929, 75
5, 5: Mojito, 1778963944311, 860, 936, 75
26, 26: Cider, 1778963944418, 835, 862, 25
27, 27: Gin and Tonic, 1778963944498, 789, 839, 40
12, 12: Cosmopolitan, 1778963944592, 751, 817, 65
28, 28: Margarita, 1778963944640, 775, 851, 75
8, 8: Cider, 1778963944764, 734, 760, 25
13, 13: White Wine, 1778963944796, 734, 759, 25
17, 17: Cider, 1778963944796, 765, 791, 25
21, 21: Margarita, 1778963945067, 526, 604, 75
10, 10: Beer, 1778963945210, 468, 493, 25
24, 24: Red Wine, 1778963945290, 420, 446, 25
26, 26: Vodka shot, 1778963945385, 357, 377, 20
27, 27: Beer, 1778963945448, 320, 346, 25
12, 12: B52, 1778963945464, 336, 551, 200
28, 28: Cider, 1778963945574, 447, 474, 25
17, 17: Cider, 1778963945699, 356, 382, 25
13, 13: White Wine, 1778963945715, 372, 399, 25
21, 21: White Wine, 1778963945762, 358, 384, 25
26, 26: Cider, 1778963945766, 386, 413, 25
10, 10: Tequila shot, 1778963945809, 377, 408, 20
24, 24: White Wine, 1778963945888, 335, 360, 25
27, 27: Vodka shot, 1778963945904, 350, 376, 20
28, 28: Pina Colada, 1778963946154, 132, 237, 100
17, 17: Tequila shot, 1778963946186, 212, 237, 20
10, 10: White Wine, 1778963946221, 208, 233, 25
13, 13: Cosmopolitan, 1778963946265, 195, 261, 65
26, 26: Bloody Mary, 1778963946280, 252, 335, 70
27, 27: Gin and Tonic, 1778963946284, 338, 379, 40
17, 17: Martini, 1778963946427, 243, 316, 60
28, 28: Cider, 1778963946519, 231, 256, 25
26, 26: Pina Colada, 1778963946774, 7, 110, 100
28, 28: Mojito, 1778963946884, 6, 82, 75
26, 26: Bloody Mary, 1778963947012, 0, 79, 70
28, 28: Martini, 1778963947091, 6, 77, 60
0, 0: Margarita, 1778963976997, 1, 77, 75
1, 1: Cider, 1778963977010, 200, 226, 25
0, 0: White Wine, 1778963977155, 88, 114, 25
1, 1: Red Wine, 1778963977337, 0, 27, 25
0, 0: Vodka shot, 1778963977420, 0, 21, 20
1, 1: Martini, 1778963977516, 0, 61, 60
1, 1: Vodka shot, 1778963977688, 0, 22, 20
1, 1: Draft Beer, 1778963977715, 1, 53, 50
2, 2: Margarita, 1778963977758, 16, 93, 75
1, 1: Beer, 1778963977870, 0, 26, 25
3, 3: Gin and Tonic, 1778963978025, 0, 43, 40
3, 3: B52, 1778963978178, 0, 202, 200
4, 4: Cider, 1778963978277, 109, 135, 25
3, 3: Margarita, 1778963978391, 27, 103, 75
4, 4: Beer, 1778963978513, 0, 27, 25
3, 3: White Wine, 1778963978575, 0, 26, 25
5, 5: B52, 1778963978586, 21, 221, 200
3, 3: Margarita, 1778963978751, 62, 137, 75
5, 5: Cosmopolitan, 1778963978819, 76, 143, 65
6, 6: Pina Colada, 1778963978828, 141, 242, 100
3, 3: Red Wine, 1778963978969, 108, 135, 25
5, 5: Bloody Mary, 1778963979014, 96, 180, 70
7, 7: Gin and Tonic, 1778963979038, 163, 204, 40
8, 8: Margarita, 1778963979105, 143, 218, 75
6, 6: B52, 1778963979191, 138, 345, 200
3, 3: Vodka shot, 1778963979255, 287, 312, 20
5, 5: Tequila shot, 1778963979349, 224, 250, 20
7, 7: Beer, 1778963979365, 241, 267, 25
8, 8: Tequila shot, 1778963979412, 226, 250, 20
9, 9: Red Wine, 1778963979427, 241, 266, 25
5, 5: Cosmopolitan, 1778963979604, 95, 162, 65
8, 8: Martini, 1778963979666, 108, 168, 60
7, 7: Tequila shot, 1778963979741, 100, 125, 20
5, 5: Vodka shot, 1778963979819, 53, 79, 20
9, 9: Margarita, 1778963979850, 54, 130, 75
7, 7: Martini, 1778963979870, 116, 187, 60
5, 5: White Wine, 1778963979903, 160, 187, 25
8, 8: Pina Colada, 1778963979946, 151, 254, 100
9, 9: Margarita, 1778963980073, 133, 209, 75
8, 8: Cosmopolitan, 1778963980325, 0, 66, 65
9, 9: Red Wine, 1778963980372, 25, 51, 25
8, 8: Red Wine, 1778963980452, 0, 27, 25
9, 9: Draft Beer, 1778963980578, 0, 63, 50
8, 8: Red Wine, 1778963980641, 6, 32, 25
0, 0: Margarita, 1778963999508, 0, 76, 75
1, 1: Cider, 1778963999519, 77, 103, 25
0, 0: White Wine, 1778963999666, 0, 26, 25
1, 1: Red Wine, 1778963999723, 0, 27, 25
0, 0: Vodka shot, 1778963999843, 0, 22, 20
0, 0: Martini, 1778963999870, 2, 62, 60
1, 1: Vodka shot, 1778963999901, 37, 58, 20
0, 0: Draft Beer, 1778964000043, 0, 51, 50
0, 0: Margarita, 1778964000195, 0, 76, 75
2, 2: Beer, 1778964000268, 9, 35, 25
0, 0: Gin and Tonic, 1778964000356, 0, 46, 40
2, 2: B52, 1778964000417, 0, 201, 200
0, 0: Cider, 1778964000525, 99, 124, 25
2, 2: Margarita, 1778964000632, 24, 99, 75
3, 3: Beer, 1778964001548, 0, 27, 25
3, 3: White Wine, 1778964001687, 0, 26, 25
3, 3: B52, 1778964001877, 0, 202, 200
4, 4: Margarita, 1778964001940, 145, 221, 75
3, 3: Cosmopolitan, 1778964002095, 72, 138, 65
4, 4: Pina Colada, 1778964002250, 0, 108, 100
3, 3: Red Wine, 1778964002295, 69, 95, 25
4, 4: Bloody Mary, 1778964002482, 0, 79, 70
4, 4: Gin and Tonic, 1778964002715, 0, 47, 40
0, 0: Margarita, 1778964019562, 1, 77, 75
1, 1: Cider, 1778964019628, 25, 51, 25
2, 2: White Wine, 1778964019711, 0, 27, 25
0, 0: Red Wine, 1778964019720, 24, 50, 25
3, 3: Vodka shot, 1778964019750, 26, 47, 20
1, 1: Martini, 1778964019780, 23, 83, 60
3, 3: Vodka shot, 1778964019801, 68, 91, 20
4, 4: Draft Beer, 1778964019887, 12, 63, 50
2, 2: Margarita, 1778964019890, 66, 142, 75
3, 3: Beer, 1778964019897, 141, 166, 25
5, 5: Gin and Tonic, 1778964019909, 160, 201, 40
0, 0: B52, 1778964019922, 194, 394, 200
1, 1: Cider, 1778964019975, 347, 373, 25
2, 2: Margarita, 1778964020113, 241, 318, 75
3, 3: Beer, 1778964020164, 273, 298, 25
5, 5: White Wine, 1778964020220, 248, 274, 25
0, 0: B52, 1778964020327, 173, 374, 200
6, 6: Margarita, 1778964020349, 358, 434, 75
7, 7: Cosmopolitan, 1778964020360, 430, 496, 65
8, 8: Pina Colada, 1778964020381, 482, 582, 100
9, 9: Red Wine, 1778964020391, 579, 605, 25
10, 10: Bloody Mary, 1778964020397, 605, 675, 70
11, 11: Gin and Tonic, 1778964020420, 660, 700, 40
1, 1: Margarita, 1778964020448, 678, 753, 75
2, 2: B52, 1778964020511, 696, 896, 200
12, 12: Vodka shot, 1778964020531, 883, 904, 20
13, 13: Tequila shot, 1778964020563, 878, 898, 20
3, 3: Beer, 1778964020565, 902, 928, 25
14, 14: Tequila shot, 1778964020636, 864, 885, 20
5, 5: Red Wine, 1778964020645, 883, 909, 25
15, 15: Cosmopolitan, 1778964020658, 902, 968, 65
16, 16: Martini, 1778964020675, 957, 1017, 60
17, 17: Tequila shot, 1778964020677, 1022, 1044, 20
18, 18: Vodka shot, 1778964020696, 1031, 1052, 20
0, 0: Margarita, 1778964020712, 1042, 1118, 75
19, 19: Martini, 1778964020774, 1062, 1122, 60
6, 6: White Wine, 1778964020866, 1036, 1062, 25
7, 7: Pina Colada, 1778964020907, 1028, 1129, 100
20, 20: Margarita, 1778964020925, 1117, 1193, 75
21, 21: Cosmopolitan, 1778964020927, 1197, 1263, 65
22, 22: Red Wine, 1778964020929, 1267, 1294, 25
23, 23: Red Wine, 1778964021063, 1167, 1192, 25
24, 24: Draft Beer, 1778964021156, 1105, 1156, 50
25, 25: Red Wine, 1778964021176, 1142, 1168, 25
26, 26: Red Wine, 1778964021184, 1166, 1192, 25
10, 10: White Wine, 1778964021223, 1159, 1184, 25
11, 11: White Wine, 1778964021231, 1183, 1208, 25
1, 1: Draft Beer, 1778964021283, 1163, 1214, 50
27, 27: Bloody Mary, 1778964021344, 1159, 1230, 70
2, 2: Red Wine, 1778964021420, 1160, 1186, 25
12, 12: Margarita, 1778964021440, 1173, 1248, 75
13, 13: B52, 1778964021465, 1229, 1430, 200
28, 28: Beer, 1778964021486, 1417, 1444, 25
14, 14: Draft Beer, 1778964021525, 1411, 1462, 50
29, 29: Red Wine, 1778964021580, 1413, 1440, 25
3, 3: Bloody Mary, 1778964021593, 1433, 1504, 70
15, 15: Mojito, 1778964021677, 1427, 1502, 75
5, 5: Draft Beer, 1778964021706, 1479, 1531, 50
17, 17: Draft Beer, 1778964021725, 1518, 1569, 50
30, 30: Red Wine, 1778964021728, 1572, 1598, 25
18, 18: Draft Beer, 1778964021752, 1581, 1631, 50
31, 31: Cider, 1778964021884, 1507, 1532, 25
0, 0: Martini, 1778964021910, 1512, 1572, 60
32, 32: Cider, 1778964021934, 1554, 1580, 25
33, 33: Gin and Tonic, 1778964021953, 1567, 1609, 40
34, 34: Cosmopolitan, 1778964021954, 1613, 1678, 65
35, 35: Draft Beer, 1778964022006, 1632, 1683, 50
19, 19: Margarita, 1778964022007, 1688, 1763, 75
36, 36: Margarita, 1778964022036, 1740, 1816, 75
37, 37: Gin and Tonic, 1778964022073, 1785, 1827, 40
6, 6: Beer, 1778964022080, 1826, 1853, 25
38, 38: White Wine, 1778964022151, 1789, 1815, 25
7, 7: Pina Colada, 1778964022158, 1814, 1914, 100
21, 21: Margarita, 1778964022240, 1839, 1914, 75
39, 39: Red Wine, 1778964022326, 1835, 1860, 25
40, 40: Red Wine, 1778964022357, 1836, 1861, 25
22, 22: Gin and Tonic, 1778964022374, 1852, 1892, 40
23, 23: Cosmopolitan, 1778964022406, 1866, 1932, 65
24, 24: Mojito, 1778964022413, 1931, 2007, 75
25, 25: Pina Colada, 1778964022494, 1932, 2045, 100
26, 26: Cider, 1778964022527, 2019, 2044, 25
10, 10: Pina Colada, 1778964022557, 2020, 2121, 100
11, 11: Mojito, 1778964022591, 2094, 2169, 75
1, 1: Mojito, 1778964022598, 2168, 2244, 75
27, 27: Cider, 1778964022725, 2123, 2149, 25
12, 12: Gin and Tonic, 1778964022770, 2110, 2156, 40
41, 41: Cosmopolitan, 1778964022906, 2026, 2092, 65
13, 13: Margarita, 1778964022907, 2097, 2173, 75
28, 28: Cider, 1778964023032, 2054, 2080, 25
14, 14: Cider, 1778964023088, 2030, 2056, 25
29, 29: White Wine, 1778964023171, 1979, 2005, 25
42, 42: Margarita, 1778964023213, 1969, 2044, 75
15, 15: Beer, 1778964023290, 1974, 2000, 25
5, 5: Red Wine, 1778964023338, 1958, 1983, 25
17, 17: Vodka shot, 1778964023394, 1934, 1969, 20
43, 43: Beer, 1778964023434, 1936, 1962, 25
44, 44: B52, 1778964023451, 1950, 2161, 200
45, 45: Cider, 1778964023469, 2149, 2175, 25
31, 31: Cider, 1778964023517, 2134, 2159, 25
0, 0: White Wine, 1778964023593, 2089, 2115, 25
32, 32: White Wine, 1778964023615, 2100, 2126, 25
33, 33: Cider, 1778964023674, 2074, 2100, 25
34, 34: Tequila shot, 1778964023683, 2097, 2132, 20
46, 46: White Wine, 1778964023721, 2100, 2125, 25
47, 47: Vodka shot, 1778964023733, 2120, 2143, 20
35, 35: Pina Colada, 1778964023789, 2093, 2194, 100
19, 19: Tequila shot, 1778964023851, 2138, 2163, 20
36, 36: White Wine, 1778964023934, 2086, 2111, 25
48, 48: Cosmopolitan, 1778964023944, 2107, 2173, 65
37, 37: Bloody Mary, 1778964024010, 2113, 2191, 70
6, 6: Gin and Tonic, 1778964024034, 2174, 2229, 40
38, 38: Martini, 1778964024116, 2153, 2224, 60
7, 7: Cider, 1778964024194, 2152, 2178, 25
21, 21: Pina Colada, 1778964024236, 2142, 2258, 100
49, 49: Mojito, 1778964024320, 2180, 2256, 75
39, 39: Bloody Mary, 1778964024337, 2245, 2329, 70
40, 40: Martini, 1778964024370, 2302, 2374, 60
22, 22: Margarita, 1778964024377, 2374, 2449, 75
23, 23: B52, 1778964024398, 2435, 2642, 200
25, 25: Red Wine, 1778964024663, 2383, 2410, 25
26, 26: Gin and Tonic, 1778964024678, 2401, 2454, 40
11, 11: Cosmopolitan, 1778964024880, 2258, 2324, 65
1, 1: Tequila shot, 1778964024958, 2252, 2282, 20
27, 27: Draft Beer, 1778964024989, 2257, 2314, 50
12, 12: Mojito, 1778964025037, 2272, 2347, 75
41, 41: Draft Beer, 1778964025052, 2338, 2392, 50
13, 13: Mojito, 1778964025161, 2289, 2365, 75
28, 28: Beer, 1778964025223, 2309, 2334, 25
14, 14: B52, 1778964025254, 2309, 2514, 200
29, 29: Bloody Mary, 1778964025331, 2443, 2515, 70
42, 42: Cider, 1778964025347, 2505, 2530, 25
15, 15: Beer, 1778964025394, 2489, 2514, 25
5, 5: Pina Colada, 1778964025473, 2443, 2545, 100
43, 43: Cosmopolitan, 1778964025504, 2521, 2588, 65
44, 44: Margarita, 1778964025627, 2472, 2548, 75
45, 45: Vodka shot, 1778964025752, 2429, 2454, 20
31, 31: Beer, 1778964025783, 2429, 2455, 25
34, 34: Margarita, 1778964025819, 2425, 2500, 75
0, 0: Red Wine, 1778964025860, 2465, 2491, 25
33, 33: Pina Colada, 1778964025876, 2481, 2594, 100
47, 47: White Wine, 1778964025880, 2596, 2621, 25
46, 46: Bloody Mary, 1778964025998, 2509, 2581, 70
19, 19: Vodka shot, 1778964026018, 2567, 2592, 20
35, 35: B52, 1778964026108, 2508, 2720, 200
48, 48: Cider, 1778964026171, 2664, 2690, 25
36, 36: Martini, 1778964026201, 2666, 2738, 60
6, 6: Margarita, 1778964026386, 2559, 2636, 75
7, 7: Cosmopolitan, 1778964026478, 2550, 2616, 65
21, 21: Pina Colada, 1778964026619, 2481, 2584, 100
49, 49: Draft Beer, 1778964026697, 2512, 2567, 50
39, 39: Tequila shot, 1778964026821, 2449, 2475, 20
40, 40: B52, 1778964026868, 2434, 2646, 200
22, 22: Martini, 1778964026914, 2607, 2679, 60
23, 23: Red Wine, 1778964027056, 2543, 2569, 25
25, 25: B52, 1778964027225, 2406, 2619, 200
27, 27: Draft Beer, 1778964027412, 2438, 2495, 50
12, 12: Cosmopolitan, 1778964027505, 2409, 2474, 65
13, 13: Mojito, 1778964027645, 2340, 2416, 75
28, 28: Mojito, 1778964027660, 2407, 2482, 75
14, 14: Cider, 1778964027783, 2365, 2391, 25
42, 42: Pina Colada, 1778964027986, 2194, 2309, 100
29, 29: Cider, 1778964028002, 2300, 2326, 25
5, 5: Bloody Mary, 1778964028146, 2188, 2259, 70
45, 45: Pina Colada, 1778964028210, 2201, 2304, 100
44, 44: Cosmopolitan, 1778964028269, 2251, 2317, 65
34, 34: Bloody Mary, 1778964028408, 2184, 2259, 70
33, 33: Mojito, 1778964028595, 2078, 2153, 75
19, 19: Mojito, 1778964028614, 2141, 2216, 75
47, 47: Bloody Mary, 1778964028656, 2180, 2258, 70
46, 46: Bloody Mary, 1778964028735, 2185, 2256, 70
35, 35: Tequila shot, 1778964028843, 2154, 2179, 20
48, 48: Draft Beer, 1778964028970, 2058, 2113, 50
36, 36: Mojito, 1778964029062, 2027, 2103, 75
6, 6: Vodka shot, 1778964029109, 2063, 2084, 20
7, 7: Pina Colada, 1778964029156, 2044, 2146, 100
39, 39: Pina Colada, 1778964029300, 2008, 2111, 100
21, 21: Cosmopolitan, 1778964029327, 2090, 2155, 65
49, 49: Bloody Mary, 1778964029375, 2114, 2192, 70
40, 40: Mojito, 1778964029529, 2044, 2119, 75
22, 22: Martini, 1778964029718, 1936, 2002, 60
23, 23: Vodka shot, 1778964029781, 1945, 1970, 20
25, 25: White Wine, 1778964029859, 1898, 1924, 25
27, 27: Mojito, 1778964030016, 1773, 1850, 75
13, 13: White Wine, 1778964030172, 1700, 1727, 25
28, 28: Red Wine, 1778964030264, 1641, 1666, 25
14, 14: Cider, 1778964030280, 1657, 1683, 25
42, 42: Pina Colada, 1778964030420, 1549, 1658, 100
29, 29: Vodka shot, 1778964030436, 1650, 1674, 20
45, 45: B52, 1778964030636, 1481, 1695, 200
44, 44: Margarita, 1778964030636, 1701, 1777, 75
19, 19: Cider, 1778964030945, 1474, 1501, 25
46, 46: Beer, 1778964031146, 1305, 1331, 25
6, 6: Margarita, 1778964031197, 1286, 1362, 75
7, 7: Tequila shot, 1778964031426, 1140, 1173, 20
21, 21: Red Wine, 1778964031535, 1069, 1096, 25
39, 39: Tequila shot, 1778964031535, 1103, 1127, 20
49, 49: Red Wine, 1778964031720, 949, 974, 25
22, 22: White Wine, 1778964031830, 870, 896, 25
25, 25: Vodka shot, 1778964031938, 794, 816, 20
27, 27: Red Wine, 1778964031984, 777, 804, 25
13, 13: Gin and Tonic, 1778964032062, 732, 786, 40
14, 14: Tequila shot, 1778964032078, 776, 802, 20
28, 28: Martini, 1778964032094, 792, 866, 60
45, 45: Cosmopolitan, 1778964032347, 619, 685, 65
44, 44: Tequila shot, 1778964032503, 535, 567, 20
19, 19: Tequila shot, 1778964032551, 525, 550, 20
46, 46: White Wine, 1778964032583, 524, 550, 25
6, 6: Gin and Tonic, 1778964032647, 492, 532, 40
39, 39: Beer, 1778964032666, 519, 544, 25
25, 25: Margarita, 1778964032758, 458, 533, 75
21, 21: Cider, 1778964032785, 512, 538, 25
49, 49: Draft Beer, 1778964032848, 481, 536, 50
22, 22: Cosmopolitan, 1778964032880, 511, 576, 65
14, 14: Red Wine, 1778964032885, 577, 602, 25
27, 27: Red Wine, 1778964032944, 550, 576, 25
44, 44: Cosmopolitan, 1778964033074, 452, 517, 65
28, 28: White Wine, 1778964033085, 514, 539, 25
45, 45: Cosmopolitan, 1778964033085, 545, 611, 65
25, 25: Cider, 1778964033384, 318, 344, 25
44, 44: White Wine, 1778964033649, 85, 111, 25
27, 27: Red Wine, 1778964033680, 86, 113, 25
28, 28: Cider, 1778964033775, 24, 50, 25
0, 0: Margarita, 1778964083040, 1, 77, 75
0, 0: Cider, 1778964083198, 0, 26, 25
1, 1: White Wine, 1778964083210, 21, 47, 25
2, 2: Red Wine, 1778964083288, 0, 26, 25
0, 0: Vodka shot, 1778964083325, 0, 22, 20
0, 0: Martini, 1778964083351, 3, 64, 60
3, 3: Vodka shot, 1778964083371, 51, 72, 20
4, 4: Draft Beer, 1778964083411, 38, 89, 50
3, 3: Margarita, 1778964083447, 59, 135, 75
2, 2: Beer, 1778964083465, 123, 148, 25
5, 5: Gin and Tonic, 1778964083546, 73, 114, 40
6, 6: B52, 1778964083553, 114, 314, 200
7, 7: Cider, 1778964083568, 307, 334, 25
8, 8: Margarita, 1778964083596, 312, 387, 75
4, 4: Beer, 1778964083601, 389, 416, 25
3, 3: White Wine, 1778964083662, 362, 388, 25
2, 2: B52, 1778964083715, 342, 542, 200
9, 9: Margarita, 1778964083715, 549, 625, 75
10, 10: Cosmopolitan, 1778964083738, 608, 673, 65
5, 5: Pina Colada, 1778964083772, 645, 746, 100
6, 6: Red Wine, 1778964083879, 646, 673, 25
7, 7: Bloody Mary, 1778964084002, 556, 627, 70
11, 11: Gin and Tonic, 1778964084008, 628, 668, 40
12, 12: Margarita, 1778964084021, 661, 737, 75
13, 13: B52, 1778964084040, 724, 926, 200
14, 14: Vodka shot, 1778964084051, 922, 943, 20
15, 15: Tequila shot, 1778964084057, 943, 964, 20
8, 8: Beer, 1778964084064, 963, 989, 25
16, 16: Tequila shot, 1778964084079, 980, 1000, 20
17, 17: Red Wine, 1778964084137, 948, 974, 25
18, 18: Cosmopolitan, 1778964084190, 927, 993, 65
3, 3: Martini, 1778964084201, 988, 1048, 60
19, 19: Tequila shot, 1778964084222, 1033, 1054, 20
2, 2: Vodka shot, 1778964084268, 1014, 1034, 20
20, 20: Margarita, 1778964084295, 1013, 1088, 75
21, 21: Martini, 1778964084317, 1073, 1134, 60
22, 22: White Wine, 1778964084335, 1122, 1148, 25
23, 23: Pina Colada, 1778964084337, 1152, 1253, 100
24, 24: Margarita, 1778964084355, 1241, 1317, 75
25, 25: Cosmopolitan, 1778964084400, 1279, 1344, 65
9, 9: Red Wine, 1778964084420, 1331, 1356, 25
26, 26: Red Wine, 1778964084433, 1349, 1375, 25
10, 10: Draft Beer, 1778964084462, 1352, 1403, 50
27, 27: Red Wine, 1778964084463, 1408, 1433, 25
28, 28: Red Wine, 1778964084509, 1394, 1420, 25
29, 29: White Wine, 1778964084583, 1351, 1377, 25
30, 30: White Wine, 1778964084584, 1382, 1408, 25
31, 31: Draft Beer, 1778964084585, 1413, 1463, 50
32, 32: Bloody Mary, 1778964084588, 1466, 1537, 70
33, 33: Red Wine, 1778964084592, 1539, 1565, 25
34, 34: Margarita, 1778964084594, 1570, 1645, 75
5, 5: B52, 1778964084639, 1606, 1807, 200
35, 35: Beer, 1778964084662, 1790, 1816, 25
36, 36: Draft Beer, 1778964084722, 1763, 1813, 50
37, 37: Red Wine, 1778964084764, 1777, 1802, 25
7, 7: Bloody Mary, 1778964084782, 1790, 1861, 70
11, 11: Mojito, 1778964084787, 1862, 1938, 75
38, 38: Draft Beer, 1778964084797, 1934, 1984, 50
39, 39: Draft Beer, 1778964084815, 1972, 2023, 50
40, 40: Red Wine, 1778964084835, 2011, 2037, 25
12, 12: Draft Beer, 1778964084838, 2040, 2090, 50
41, 41: Cider, 1778964084844, 2091, 2117, 25
43, 43: Martini, 1778964084937, 2031, 2093, 60
42, 42: Cider, 1778964084938, 2099, 2124, 25
13, 13: Gin and Tonic, 1778964084977, 2091, 2132, 40
14, 14: Cosmopolitan, 1778964084998, 2117, 2183, 65
44, 44: Draft Beer, 1778964085003, 2185, 2235, 50
15, 15: Margarita, 1778964085025, 2220, 2296, 75
16, 16: Margarita, 1778964085083, 2244, 2320, 75
45, 45: Gin and Tonic, 1778964085144, 2266, 2306, 40
46, 46: Beer, 1778964085180, 2277, 2304, 25
18, 18: White Wine, 1778964085234, 2256, 2281, 25
47, 47: Pina Colada, 1778964085238, 2284, 2384, 100
48, 48: Margarita, 1778964085248, 2380, 2456, 75
17, 17: Red Wine, 1778964085262, 2448, 2474, 25
19, 19: Red Wine, 1778964085281, 2461, 2487, 25
2, 2: Gin and Tonic, 1778964085306, 2469, 2510, 40
49, 49: Cosmopolitan, 1778964085387, 2435, 2500, 65
20, 20: Mojito, 1778964085465, 2428, 2504, 75
50, 50: Pina Colada, 1778964085543, 2433, 2534, 100
21, 21: Cider, 1778964085561, 2522, 2548, 25
51, 51: Pina Colada, 1778964085585, 2531, 2637, 100
52, 52: Mojito, 1778964085594, 2634, 2709, 75
54, 54: Mojito, 1778964085612, 2698, 2774, 75
53, 53: Cider, 1778964085612, 2780, 2805, 25
22, 22: Gin and Tonic, 1778964085633, 2790, 2837, 40
55, 55: Cosmopolitan, 1778964085665, 2811, 2876, 65
56, 56: Margarita, 1778964085692, 2855, 2931, 75
57, 57: Cider, 1778964085694, 2935, 2961, 25
23, 23: Cider, 1778964085710, 2952, 2977, 25
58, 58: White Wine, 1778964085732, 2961, 2989, 25
59, 59: Margarita, 1778964085748, 2979, 3055, 75
24, 24: Beer, 1778964085754, 3056, 3083, 25
60, 60: Red Wine, 1778964085792, 3051, 3077, 25
25, 25: Vodka shot, 1778964085795, 3080, 3109, 20
61, 61: Beer, 1778964085810, 3101, 3126, 25
9, 9: B52, 1778964085929, 3013, 3224, 200
26, 26: Cider, 1778964085960, 3199, 3226, 25
10, 10: Cider, 1778964085966, 3227, 3253, 25
62, 62: White Wine, 1778964085985, 3241, 3267, 25
63, 63: White Wine, 1778964086015, 3243, 3269, 25
27, 27: Cider, 1778964086047, 3243, 3268, 25
28, 28: Tequila shot, 1778964086079, 3242, 3273, 20
29, 29: White Wine, 1778964086110, 3249, 3275, 25
30, 30: Vodka shot, 1778964086143, 3248, 3272, 20
32, 32: Pina Colada, 1778964086276, 3145, 3248, 100
34, 34: Tequila shot, 1778964086320, 3211, 3235, 20
5, 5: White Wine, 1778964086457, 3104, 3130, 25
64, 64: Cosmopolitan, 1778964086564, 3029, 3095, 65
35, 35: Bloody Mary, 1778964086579, 3086, 3162, 70
36, 36: Gin and Tonic, 1778964086636, 3111, 3152, 40
7, 7: Martini, 1778964086794, 3000, 3072, 60
11, 11: Cider, 1778964086836, 3036, 3063, 25
65, 65: Pina Colada, 1778964086871, 3035, 3135, 100
38, 38: Mojito, 1778964086882, 3130, 3206, 75
39, 39: Bloody Mary, 1778964086939, 3155, 3239, 70
66, 66: Martini, 1778964086971, 3213, 3285, 60
40, 40: Margarita, 1778964087024, 3238, 3315, 75
12, 12: B52, 1778964087029, 3316, 3522, 200
41, 41: Red Wine, 1778964087061, 3496, 3521, 25
67, 67: Gin and Tonic, 1778964087093, 3495, 3550, 40
68, 68: Cosmopolitan, 1778964087110, 3539, 3604, 65
69, 69: Tequila shot, 1778964087128, 3592, 3623, 20
43, 43: Draft Beer, 1778964087141, 3617, 3671, 50
42, 42: Mojito, 1778964087163, 3657, 3734, 75
13, 13: Draft Beer, 1778964087220, 3683, 3733, 50
14, 14: Mojito, 1778964087231, 3728, 3804, 75
44, 44: Beer, 1778964087340, 3701, 3728, 25
70, 70: B52, 1778964087379, 3696, 3902, 200
71, 71: Bloody Mary, 1778964087391, 3897, 3968, 70
15, 15: Cider, 1778964087403, 3962, 3988, 25
16, 16: Beer, 1778964087483, 3914, 3939, 25
45, 45: Pina Colada, 1778964087561, 3867, 3970, 100
46, 46: Cosmopolitan, 1778964087585, 3952, 4018, 65
72, 72: Margarita, 1778964087602, 4007, 4082, 75
18, 18: Vodka shot, 1778964087666, 4024, 4050, 20
48, 48: Beer, 1778964087785, 3937, 3963, 25
17, 17: Margarita, 1778964087887, 3868, 3945, 75
19, 19: Red Wine, 1778964087919, 3919, 3945, 25
2, 2: Pina Colada, 1778964087927, 3942, 4053, 100
73, 73: White Wine, 1778964087978, 4008, 4033, 25
74, 74: Bloody Mary, 1778964088036, 3982, 4067, 70
20, 20: Vodka shot, 1778964088080, 4030, 4054, 20
50, 50: B52, 1778964088206, 3934, 4143, 200
21, 21: Cider, 1778964088222, 4134, 4159, 25
51, 51: Martini, 1778964088346, 4041, 4113, 60
52, 52: Margarita, 1778964088424, 4041, 4117, 75
53, 53: Cosmopolitan, 1778964088530, 4017, 4082, 65
55, 55: Draft Beer, 1778964088593, 4026, 4084, 50
22, 22: Pina Colada, 1778964088593, 4090, 4191, 100
56, 56: Tequila shot, 1778964088718, 4072, 4097, 20
57, 57: B52, 1778964088765, 4057, 4266, 200
58, 58: Martini, 1778964088873, 4164, 4237, 60
25, 25: Red Wine, 1778964088909, 4208, 4233, 25
24, 24: B52, 1778964088951, 4197, 4408, 200
60, 60: Draft Beer, 1778964089029, 4337, 4393, 50
61, 61: Cosmopolitan, 1778964089045, 4383, 4448, 65
9, 9: Mojito, 1778964089168, 4332, 4408, 75
26, 26: Mojito, 1778964089291, 4291, 4367, 75
10, 10: Cider, 1778964089322, 4343, 4368, 25
27, 27: Pina Colada, 1778964089415, 4281, 4395, 100
62, 62: Cider, 1778964089415, 4401, 4427, 25
63, 63: Bloody Mary, 1778964089446, 4402, 4472, 70
29, 29: Pina Colada, 1778964089540, 4384, 4487, 100
34, 34: Cosmopolitan, 1778964089559, 4474, 4540, 65
32, 32: Bloody Mary, 1778964089648, 4457, 4534, 70
64, 64: Mojito, 1778964089710, 4478, 4554, 75
5, 5: Mojito, 1778964089741, 4529, 4605, 75
35, 35: Bloody Mary, 1778964089896, 4456, 4535, 70
7, 7: Bloody Mary, 1778964089990, 4447, 4519, 70
11, 11: Tequila shot, 1778964090006, 4509, 4535, 20
65, 65: Draft Beer, 1778964090132, 4415, 4472, 50
39, 39: Mojito, 1778964090335, 4275, 4351, 75
66, 66: Vodka shot, 1778964090366, 4326, 4348, 20
40, 40: Pina Colada, 1778964090428, 4293, 4395, 100
12, 12: Pina Colada, 1778964090566, 4264, 4365, 100
41, 41: Cosmopolitan, 1778964090735, 4202, 4269, 65
67, 67: Bloody Mary, 1778964090766, 4245, 4319, 70
43, 43: Mojito, 1778964090922, 4169, 4244, 75
42, 42: Martini, 1778964091014, 4158, 4226, 60
13, 13: Vodka shot, 1778964091062, 4184, 4209, 20
14, 14: White Wine, 1778964091157, 4121, 4147, 25
44, 44: Mojito, 1778964091173, 4138, 4213, 75
70, 70: White Wine, 1778964091297, 4095, 4121, 25
71, 71: Red Wine, 1778964091515, 3909, 3935, 25
16, 16: Cider, 1778964091531, 3926, 3951, 25
46, 46: Vodka shot, 1778964091654, 3834, 3865, 20
45, 45: Pina Colada, 1778964091654, 3871, 3974, 100
72, 72: B52, 1778964091777, 3857, 4066, 200
48, 48: Margarita, 1778964091855, 3995, 4071, 75
17, 17: Cider, 1778964091917, 4015, 4041, 25
19, 19: Beer, 1778964092027, 3937, 3962, 25
2, 2: Margarita, 1778964092103, 3893, 3969, 75
20, 20: Tequila shot, 1778964092139, 3940, 3971, 20
73, 73: Red Wine, 1778964092165, 3951, 3976, 25
74, 74: Tequila shot, 1778964092256, 3891, 3917, 20
50, 50: Red Wine, 1778964092364, 3815, 3841, 25
21, 21: White Wine, 1778964092490, 3721, 3746, 25
51, 51: Vodka shot, 1778964092583, 3659, 3684, 20
52, 52: Red Wine, 1778964092629, 3645, 3671, 25
53, 53: Gin and Tonic, 1778964092677, 3629, 3684, 40
56, 56: Tequila shot, 1778964092819, 3548, 3575, 20
22, 22: Martini, 1778964092905, 3496, 3568, 60
57, 57: Cosmopolitan, 1778964093047, 3433, 3499, 65
58, 58: Tequila shot, 1778964093220, 3333, 3363, 20
25, 25: Tequila shot, 1778964093297, 3292, 3317, 20
24, 24: White Wine, 1778964093375, 3246, 3272, 25
60, 60: Gin and Tonic, 1778964093530, 3124, 3179, 40
61, 61: Beer, 1778964093545, 3170, 3196, 25
9, 9: Margarita, 1778964093700, 3047, 3123, 75
26, 26: Cider, 1778964093779, 3051, 3076, 25
10, 10: Draft Beer, 1778964093794, 3069, 3133, 50
27, 27: Cosmopolitan, 1778964093934, 3000, 3066, 65
62, 62: Red Wine, 1778964093949, 3057, 3082, 25
63, 63: Red Wine, 1778964094073, 2964, 2989, 25
34, 34: Cosmopolitan, 1778964094150, 2920, 2985, 65
29, 29: Cosmopolitan, 1778964094150, 2992, 3060, 65
32, 32: White Wine, 1778964094338, 2878, 2905, 25
64, 64: Cider, 1778964094385, 2864, 2889, 25
5, 5: White Wine, 1778964094462, 2818, 2843, 25
11, 11: Red Wine, 1778964094545, 2766, 2792, 25
35, 35: Cider, 1778964094588, 2755, 2781, 25
7, 7: Vodka shot, 1778964094667, 2708, 2729, 20
65, 65: Beer, 1778964094714, 2689, 2715, 25
66, 66: Cider, 1778964094718, 2717, 2744, 25
12, 12: B52, 1778964095054, 2414, 2616, 200
43, 43: Bloody Mary, 1778964095286, 2391, 2462, 70
14, 14: Mojito, 1778964095456, 2298, 2374, 75
44, 44: Vodka shot, 1778964095503, 2333, 2353, 20
46, 46: Bloody Mary, 1778964095523, 2339, 2411, 70
70, 70: Bloody Mary, 1778964095581, 2359, 2432, 70
16, 16: Mojito, 1778964095597, 2422, 2497, 75
71, 71: Vodka shot, 1778964095613, 2487, 2510, 20
45, 45: B52, 1778964095751, 2378, 2593, 200
48, 48: Red Wine, 1778964096016, 2335, 2361, 25
17, 17: Beer, 1778964096063, 2320, 2346, 25
19, 19: Draft Beer, 1778964096094, 2321, 2374, 50
20, 20: Mojito, 1778964096114, 2361, 2437, 75
2, 2: Mojito, 1778964096157, 2400, 2477, 75
74, 74: Vodka shot, 1778964096177, 2463, 2492, 20
51, 51: Tequila shot, 1778964096271, 2403, 2429, 20
73, 73: Red Wine, 1778964096298, 2408, 2434, 25
50, 50: Mojito, 1778964096361, 2377, 2452, 75
21, 21: Gin and Tonic, 1778964096394, 2426, 2479, 40
56, 56: Martini, 1778964096399, 2480, 2551, 60
52, 52: Vodka shot, 1778964096457, 2499, 2525, 20
53, 53: Vodka shot, 1778964096473, 2515, 2540, 20
58, 58: Cider, 1778964096587, 2432, 2457, 25
60, 60: Vodka shot, 1778964096834, 2216, 2241, 20
26, 26: Beer, 1778964096958, 2123, 2148, 25
27, 27: Cider, 1778964097051, 2061, 2087, 25
34, 34: Margarita, 1778964097189, 1954, 2030, 75
63, 63: Beer, 1778964097220, 2005, 2031, 25
29, 29: Bloody Mary, 1778964097266, 1991, 2075, 70
64, 64: Pina Colada, 1778964097376, 1971, 2073, 100
7, 7: Margarita, 1778964097400, 2056, 2132, 75
32, 32: Martini, 1778964097404, 2134, 2198, 60
5, 5: Martini, 1778964097467, 2143, 2214, 60
35, 35: Draft Beer, 1778964097482, 2206, 2261, 50
11, 11: White Wine, 1778964097498, 2251, 2276, 25
65, 65: Martini, 1778964097529, 2251, 2323, 60
66, 66: Bloody Mary, 1778964097576, 2282, 2353, 70
12, 12: Martini, 1778964097686, 2249, 2320, 60
44, 44: Cider, 1778964097860, 2152, 2178, 25
43, 43: White Wine, 1778964097903, 2141, 2167, 25
46, 46: Cosmopolitan, 1778964098092, 1983, 2049, 65
71, 71: Red Wine, 1778964098127, 2022, 2047, 25
70, 70: Bloody Mary, 1778964098171, 2008, 2084, 70
16, 16: Beer, 1778964098219, 2042, 2068, 25
45, 45: Beer, 1778964098360, 1933, 1959, 25
17, 17: Pina Colada, 1778964098516, 1809, 1911, 100
48, 48: Mojito, 1778964098531, 1902, 1979, 75
20, 20: Vodka shot, 1778964098669, 1849, 1881, 20
74, 74: Draft Beer, 1778964098672, 1884, 1940, 50
51, 51: Martini, 1778964098704, 1915, 1985, 60
50, 50: Bloody Mary, 1778964098934, 1761, 1834, 70
52, 52: Pina Colada, 1778964098986, 1789, 1890, 100
21, 21: Tequila shot, 1778964098997, 1885, 1911, 20
53, 53: Pina Colada, 1778964099017, 1897, 2000, 100
56, 56: Vodka shot, 1778964099075, 1949, 1973, 20
58, 58: Gin and Tonic, 1778964099153, 1901, 1942, 40
26, 26: B52, 1778964099215, 1886, 2097, 200
63, 63: B52, 1778964099356, 1963, 2175, 200
29, 29: Pina Colada, 1778964099495, 2042, 2144, 100
64, 64: B52, 1778964099571, 2074, 2287, 200
32, 32: Gin and Tonic, 1778964099728, 2136, 2192, 40
35, 35: Cosmopolitan, 1778964099852, 2074, 2140, 65
11, 11: Cosmopolitan, 1778964099929, 2069, 2135, 65
65, 65: Mojito, 1778964099975, 2095, 2170, 75
66, 66: Tequila shot, 1778964100085, 2067, 2098, 20
44, 44: Vodka shot, 1778964100146, 2043, 2067, 20
46, 46: B52, 1778964100193, 2026, 2238, 200
43, 43: Beer, 1778964100225, 2213, 2240, 25
71, 71: Martini, 1778964100333, 2139, 2207, 60
16, 16: Cider, 1778964100395, 2152, 2178, 25
70, 70: Gin and Tonic, 1778964100411, 2168, 2208, 40
45, 45: Gin and Tonic, 1778964100427, 2198, 2239, 40
20, 20: Mojito, 1778964100554, 2118, 2194, 75
48, 48: Margarita, 1778964100627, 2127, 2203, 75
51, 51: Martini, 1778964100814, 2022, 2085, 60
21, 21: Red Wine, 1778964100912, 1994, 2020, 25
50, 50: Cider, 1778964100924, 2014, 2040, 25
52, 52: Draft Beer, 1778964101001, 1969, 2025, 50
56, 56: Draft Beer, 1778964101052, 1980, 2035, 50
58, 58: Cider, 1778964101220, 1873, 1899, 25
26, 26: Cosmopolitan, 1778964101328, 1797, 1863, 65
29, 29: B52, 1778964101764, 1433, 1636, 200
64, 64: B52, 1778964101873, 1534, 1743, 200
32, 32: Vodka shot, 1778964102043, 1579, 1603, 20
11, 11: Mojito, 1778964102122, 1531, 1607, 75
66, 66: Cosmopolitan, 1778964102187, 1548, 1614, 65
44, 44: Vodka shot, 1778964102218, 1589, 1615, 20
46, 46: Martini, 1778964102446, 1393, 1465, 60
43, 43: Margarita, 1778964102572, 1345, 1421, 75
71, 71: Beer, 1778964102652, 1347, 1373, 25
16, 16: Gin and Tonic, 1778964102682, 1348, 1400, 40
48, 48: Beer, 1778964102915, 1173, 1198, 25
51, 51: Gin and Tonic, 1778964103010, 1109, 1150, 40
50, 50: Draft Beer, 1778964103071, 1096, 1152, 50
52, 52: Pina Colada, 1778964103134, 1095, 1198, 100
58, 58: Vodka shot, 1778964103229, 1109, 1133, 20
26, 26: White Wine, 1778964103244, 1124, 1150, 25
64, 64: Gin and Tonic, 1778964103631, 769, 810, 40
32, 32: Bloody Mary, 1778964103651, 796, 867, 70
46, 46: Cosmopolitan, 1778964104022, 503, 568, 65
43, 43: Tequila shot, 1778964104082, 515, 543, 20
71, 71: Beer, 1778964104128, 503, 529, 25
58, 58: Tequila shot, 1778964104366, 298, 321, 20
